{
    "genre_distribution": {
        "med": {
            "Action": 0.11506849315068493,
            "Adventure": 0.03561643835616438,
            "Animation": 0.03287671232876712,
            "Comedy": 0.16164383561643836,
            "Crime": 0.04657534246575343,
            "Drama": 0.29315068493150687,
            "Family": 0.0273972602739726,
            "Fantasy": 0.010958904109589041,
            "History": 0.005479452054794521,
            "Horror": 0.0273972602739726,
            "Music": 0.005479452054794521,
            "Musical": 0.01643835616438356,
            "Mystery": 0.019178082191780823,
            "Romance": 0.13972602739726028,
            "Sci-Fi": 0.00821917808219178,
            "Sport": 0.005479452054794521,
            "Thriller": 0.03561643835616438,
            "War": 0.010958904109589041,
            "Western": 0.0027397260273972603
        },
        "new": {
            "Action": 0.07516157166178411,
            "Adventure": 0.035109689827135096,
            "Animation": 0.015519824675179462,
            "Biography": 0.015452736095891942,
            "Comedy": 0.15806069280139545,
            "Crime": 0.049824451550864325,
            "Documentary": 2.236285976250643e-05,
            "Drama": 0.27296106626115346,
            "Family": 0.02524766867186976,
            "Fantasy": 0.02111053961580607,
            "Film-Noir": 0.00040253147572511574,
            "History": 0.012858644363441196,
            "Horror": 0.07487085448487152,
            "Music": 0.007335018002102109,
            "Musical": 0.004517297672026298,
            "Mystery": 0.0347742469306975,
            "News": 2.236285976250643e-05,
            "Reality-TV": 2.236285976250643e-05,
            "Romance": 0.06854216517208221,
            "Sci-Fi": 0.021535433951293693,
            "Sport": 0.006172149294451775,
            "Thriller": 0.09117337925173871,
            "War": 0.0066864950689894224,
            "Western": 0.0026164545922132522
        },
        "old": {
            "Action": 0.10126582278481013,
            "Adventure": 0.02531645569620253,
            "Comedy": 0.20253164556962025,
            "Crime": 0.05063291139240506,
            "Drama": 0.2911392405063291,
            "Family": 0.012658227848101266,
            "Fantasy": 0.012658227848101266,
            "History": 0.06329113924050633,
            "Horror": 0.0379746835443038,
            "Musical": 0.02531645569620253,
            "Mystery": 0.02531645569620253,
            "Romance": 0.10126582278481013,
            "Thriller": 0.012658227848101266,
            "War": 0.0379746835443038
        }
    },
    "vote_distribution": {
        "med": {
            "2.0": 0.00821917808219178,
            "3.0": 0.019178082191780823,
            "4.0": 0.07123287671232877,
            "5.0": 0.10410958904109589,
            "6.0": 0.23835616438356164,
            "7.0": 0.3232876712328767,
            "8.0": 0.20821917808219179,
            "9.0": 0.0273972602739726
        },
        "new": {
            "1.0": 0.002124471677438111,
            "2.0": 0.01797973924905517,
            "3.0": 0.04676073976340094,
            "4.0": 0.12203412572399759,
            "5.0": 0.19697206878815662,
            "6.0": 0.3519690498020887,
            "7.0": 0.20050540063063266,
            "8.0": 0.058255249681329245,
            "9.0": 0.003287340385088445,
            "10.0": 0.00011181429881253214
        },
        "old": {
            "4.0": 0.11392405063291139,
            "5.0": 0.06329113924050633,
            "6.0": 0.1518987341772152,
            "7.0": 0.3291139240506329,
            "8.0": 0.3291139240506329,
            "9.0": 0.012658227848101266
        }
    }
}